{
	"uuid": "5fdfa9f8-b011-41b0-8b57-f62a6d12c66c",
	"bio": {
		"name": "Kortney",
		"surname": "Dijkstra",
		"uuid": "5fdfa9f8-0b3f-47b3-bb82-87004b99270b",
		"bio": "Molestiae et laudantium libero consequatur expedita officia quia occaecati enim repellat sit facilis odit provident minus fugiat laboriosam velit sit quod magnam molestias rerum sit ea quia dolor consequatur hic quidem ipsum esse quia quas eum quibusdam blanditiis enim illo delectus vero a voluptas et voluptas ut veniam facilis sed provident eligendi labore rerum sint quas molestiae autem quo ipsum.",
		"socials": {
			"linkedin": "https://www.linkedin.com/in/kortney_dijkstra",
			"github": "https://github.com/kortney_dijkstra",
			"instagram": "https://www.instagram.com/kortney_dijkstra",
			"twitter": "https://twitter.com/kortney_dijkstra"
		},
		"id": "0-0",
		"image": {
			"banner": "https://picsum.photos/seed/kortney_dijkstra/400/200",
			"thumb": "https://picsum.photos/seed/kortney_dijkstra/200/200",
			"large": "https://picsum.photos/seed/kortney_dijkstra/800/400"
		}
	},
	"id": "0-0",
	"created": "2023-02-17 15:55:39"
}