{
	"uuid": "5fdfa9f8-5d50-4e26-ae5f-683317448715",
	"bio": {
		"name": "Shaina",
		"surname": "De Graaf",
		"uuid": "5fdfa9f8-392f-4682-b38e-8310dd455ff0",
		"bio": "Et qui cupiditate voluptas error vero consequatur reiciendis vero nihil minus possimus aspernatur maxime facilis ut laborum nihil quas rerum hic quo quae commodi ut ea et nihil quisquam sunt veritatis sed dolor itaque delectus animi quis beatae mollitia magnam aliquid fugiat cum harum in necessitatibus aut quod aliquam occaecati culpa accusamus ab culpa et culpa dolore qui ipsam dicta.",
		"socials": {
			"linkedin": "https://www.linkedin.com/in/shaina_de_graaf",
			"github": "https://github.com/shaina_de_graaf",
			"instagram": "https://www.instagram.com/shaina_de_graaf",
			"twitter": "https://twitter.com/shaina_de_graaf"
		},
		"id": "1-4",
		"image": {
			"banner": "https://picsum.photos/seed/shaina_de_graaf/400/200",
			"thumb": "https://picsum.photos/seed/shaina_de_graaf/200/200",
			"large": "https://picsum.photos/seed/shaina_de_graaf/800/400"
		}
	},
	"id": "1-4",
	"created": "2023-02-17 15:55:39"
}