{
	"uuid": "5fdfa9f8-1342-4fed-b984-221268cccfa1",
	"bio": {
		"name": "Deonna",
		"surname": "Meijer",
		"uuid": "5fdfa9f8-e2b4-46a6-bb53-63c17aeb2b81",
		"bio": "Vero iure optio cumque sequi id voluptas perspiciatis numquam quis adipisci dolor quas et ad debitis necessitatibus qui est laboriosam est vero tenetur voluptatum omnis ut dolores maiores rerum qui magnam cupiditate delectus delectus suscipit in pariatur sunt veniam molestiae ea enim expedita quis sit optio eum perferendis voluptatem et molestiae blanditiis est beatae voluptatem id libero veritatis quibusdam labore.",
		"socials": {
			"linkedin": "https://www.linkedin.com/in/deonna_meijer",
			"github": "https://github.com/deonna_meijer",
			"instagram": "https://www.instagram.com/deonna_meijer",
			"twitter": "https://twitter.com/deonna_meijer"
		},
		"id": "1-5",
		"image": {
			"banner": "https://picsum.photos/seed/deonna_meijer/400/200",
			"thumb": "https://picsum.photos/seed/deonna_meijer/200/200",
			"large": "https://picsum.photos/seed/deonna_meijer/800/400"
		}
	},
	"id": "1-5",
	"created": "2023-02-17 15:55:39"
}