{
	"uuid": "5fdfa9f8-66ce-4cbb-834f-dc2f00cc9341",
	"bio": {
		"name": "Deonna",
		"surname": "Smit",
		"uuid": "5fdfa9f8-71ef-4915-9750-361f8a5302ab",
		"bio": "Voluptas expedita omnis velit doloremque dolores et dolorem placeat et fugit fugit sunt quam dolorem ut eveniet esse voluptate quas recusandae et inventore rerum harum rerum velit provident voluptas repudiandae neque incidunt dolor assumenda natus ab veniam autem provident molestias suscipit quo sequi laboriosam quas a quisquam ab vitae eius eligendi magnam dolore occaecati quasi quia omnis qui rerum error.",
		"socials": {
			"linkedin": "https://www.linkedin.com/in/deonna_smit",
			"github": "https://github.com/deonna_smit",
			"instagram": "https://www.instagram.com/deonna_smit",
			"twitter": "https://twitter.com/deonna_smit"
		},
		"id": "2-0",
		"image": {
			"banner": "https://picsum.photos/seed/deonna_smit/400/200",
			"thumb": "https://picsum.photos/seed/deonna_smit/200/200",
			"large": "https://picsum.photos/seed/deonna_smit/800/400"
		}
	},
	"id": "2-0",
	"created": "2023-02-17 15:55:39"
}