{
	"uuid": "5fdfa9f8-91fe-4681-a499-7c71d99bf3f1",
	"bio": {
		"name": "Angle",
		"surname": "De Boer",
		"uuid": "5fdfa9f8-e4cd-4fe4-ad19-ed06ebf8eb89",
		"bio": "Eligendi velit voluptatem harum sapiente cum voluptatem dolorem rerum eveniet eos voluptatem et magnam est voluptas placeat sit hic facere est esse dolore voluptatem corrupti sint rerum odit deleniti voluptatum aliquam optio sequi rem similique pariatur totam rem voluptas quia inventore enim veniam beatae fugiat eveniet inventore voluptates porro sed sit magni et sequi ea sint sapiente voluptatem et omnis.",
		"socials": {
			"linkedin": "https://www.linkedin.com/in/angle_de_boer",
			"github": "https://github.com/angle_de_boer",
			"instagram": "https://www.instagram.com/angle_de_boer",
			"twitter": "https://twitter.com/angle_de_boer"
		},
		"id": "2-1",
		"image": {
			"banner": "https://picsum.photos/seed/angle_de_boer/400/200",
			"thumb": "https://picsum.photos/seed/angle_de_boer/200/200",
			"large": "https://picsum.photos/seed/angle_de_boer/800/400"
		}
	},
	"id": "2-1",
	"created": "2023-02-17 15:55:39"
}