{
	"uuid": "5fdfa9f8-a347-4153-b3e5-d9915fd2eb6f",
	"bio": {
		"name": "Kortney",
		"surname": "Bakker",
		"uuid": "5fdfa9f8-d580-4694-b041-93ed20a7f179",
		"bio": "Quaerat perspiciatis corrupti explicabo ipsam commodi velit aut sit non aut quidem blanditiis deleniti reiciendis illum et ut culpa molestiae voluptatem voluptas tempore voluptatem voluptas enim aliquam quis perferendis atque aspernatur autem repellat et accusantium culpa maxime magni eum quis expedita aut accusantium accusamus et molestiae a aperiam ut fugit porro laboriosam amet vel sint odio est numquam fuga quidem.",
		"socials": {
			"linkedin": "https://www.linkedin.com/in/kortney_bakker",
			"github": "https://github.com/kortney_bakker",
			"instagram": "https://www.instagram.com/kortney_bakker",
			"twitter": "https://twitter.com/kortney_bakker"
		},
		"id": "2-4",
		"image": {
			"banner": "https://picsum.photos/seed/kortney_bakker/400/200",
			"thumb": "https://picsum.photos/seed/kortney_bakker/200/200",
			"large": "https://picsum.photos/seed/kortney_bakker/800/400"
		}
	},
	"id": "2-4",
	"created": "2023-02-17 15:55:39"
}