{
	"uuid": "5fdfa9f8-1ed6-41ad-bb7a-8df762bcf11c",
	"bio": {
		"name": "Zane",
		"surname": "Hendriks",
		"uuid": "5fdfa9f8-e88c-42ce-9561-dcb39ebda95a",
		"bio": "Aut vel veritatis aperiam voluptatem blanditiis suscipit dignissimos similique quia ratione dicta sequi hic magni eum ducimus illum qui occaecati enim beatae voluptatem harum quod deserunt voluptatem exercitationem incidunt porro minima nesciunt aut dolorum veniam minus maxime labore ut fugit quae eveniet molestiae dolorum aut qui laudantium praesentium ullam sed ipsa quis ut et dolor aut consequatur ullam et minus.",
		"socials": {
			"linkedin": "https://www.linkedin.com/in/zane_hendriks",
			"github": "https://github.com/zane_hendriks",
			"instagram": "https://www.instagram.com/zane_hendriks",
			"twitter": "https://twitter.com/zane_hendriks"
		},
		"id": "2-5",
		"image": {
			"banner": "https://picsum.photos/seed/zane_hendriks/400/200",
			"thumb": "https://picsum.photos/seed/zane_hendriks/200/200",
			"large": "https://picsum.photos/seed/zane_hendriks/800/400"
		}
	},
	"id": "2-5",
	"created": "2023-02-17 15:55:39"
}