{
	"uuid": "5fdfa9f8-c8ac-4d8a-b6d3-9b536ca0cab4",
	"bio": {
		"name": "Angle",
		"surname": "Vos",
		"uuid": "5fdfa9f8-d612-45ff-b82f-ab2da45f5c19",
		"bio": "Ea pariatur consequuntur nostrum dolor nostrum porro molestiae laborum asperiores nesciunt officia dolor quod harum eligendi sed dolores laboriosam quidem illum dolores qui cumque quibusdam voluptatem eos voluptatum nostrum enim quas non harum et odio animi laborum dolorem dolorem quis aut optio provident eius ut sit possimus aperiam non tempora et facere aliquid itaque incidunt ut ullam optio omnis omnis.",
		"socials": {
			"linkedin": "https://www.linkedin.com/in/angle_vos",
			"github": "https://github.com/angle_vos",
			"instagram": "https://www.instagram.com/angle_vos",
			"twitter": "https://twitter.com/angle_vos"
		},
		"id": "3-0",
		"image": {
			"banner": "https://picsum.photos/seed/angle_vos/400/200",
			"thumb": "https://picsum.photos/seed/angle_vos/200/200",
			"large": "https://picsum.photos/seed/angle_vos/800/400"
		}
	},
	"id": "3-0",
	"created": "2023-02-17 15:55:39"
}