{
	"uuid": "5fdfa9f8-3873-471b-a03a-4e64ed044d66",
	"bio": {
		"name": "Martin",
		"surname": "Smit",
		"uuid": "5fdfa9f8-d4a7-49b2-8779-d8138b84ed37",
		"bio": "Doloribus at totam aut harum qui sapiente quia atque quia quia labore inventore nulla consequatur eligendi ullam sed eligendi ab eos rerum iusto distinctio ad nostrum qui recusandae dolore consequatur ducimus illum commodi ut aut eum porro temporibus enim non est quam neque labore alias commodi fuga eligendi est delectus reprehenderit adipisci tenetur atque unde in a minima et quia.",
		"socials": {
			"linkedin": "https://www.linkedin.com/in/martin_smit",
			"github": "https://github.com/martin_smit",
			"instagram": "https://www.instagram.com/martin_smit",
			"twitter": "https://twitter.com/martin_smit"
		},
		"id": "3-2",
		"image": {
			"banner": "https://picsum.photos/seed/martin_smit/400/200",
			"thumb": "https://picsum.photos/seed/martin_smit/200/200",
			"large": "https://picsum.photos/seed/martin_smit/800/400"
		}
	},
	"id": "3-2",
	"created": "2023-02-17 15:55:39"
}