{
	"rooms": [
		{
			"name": "Room 1",
			"schedule": [
				{
					"title": "Session 1",
					"uuid": "5fdfa9f8-d7b5-4bad-98bb-e3dd30e4a3af",
					"time": {
						"start": "09:00",
						"end": "10:00",
						"total": "09:00-10:00"
					},
					"session": {
						"description": "Omnis nisi libero quibusdam reprehenderit soluta deserunt doloremque et nesciunt perferendis consequatur veniam neque velit quo et eos ipsam vel rerum dolorem ut ullam rerum nostrum sequi nulla id molestias atque occaecati occaecati similique recusandae aut accusantium voluptate deserunt repellendus.",
						"title": "Ut fuga minus eveniet provident",
						"speaker": {
							"name": "Kortney",
							"surname": "Dijkstra",
							"uuid": "5fdfa9f8-0b3f-47b3-bb82-87004b99270b",
							"id": "0-0",
							"image": {
								"banner": "https://picsum.photos/seed/kortney_dijkstra/400/200",
								"thumb": "https://picsum.photos/seed/kortney_dijkstra/200/200",
								"large": "https://picsum.photos/seed/kortney_dijkstra/800/400"
							}
						},
						"tags": [
							"Tutorial",
							"Cloud",
							"Lecture",
							"Discussion",
							"Advertisement"
						]
					}
				},
				{
					"title": "Session 2",
					"uuid": "5fdfa9f8-ddb5-4d6a-ab42-2f6ff860a0dd",
					"time": {
						"start": "10:15",
						"end": "11:15",
						"total": "10:15-11:15"
					},
					"session": {
						"description": "Voluptatem modi inventore veritatis nisi iusto facere pariatur harum at porro reprehenderit architecto alias vitae libero sint molestiae consequatur maiores asperiores accusamus rerum nihil ducimus voluptatem commodi ut sit sunt eveniet officiis non quia reiciendis in est nihil nam culpa.",
						"title": "Rerum sed omnis cumque quod",
						"speaker": {
							"name": "Zane",
							"surname": "Janssen",
							"uuid": "5fdfa9f8-79f4-4bb1-ab10-0af0b2fdc4cb",
							"id": "0-1",
							"image": {
								"banner": "https://picsum.photos/seed/zane_janssen/400/200",
								"thumb": "https://picsum.photos/seed/zane_janssen/200/200",
								"large": "https://picsum.photos/seed/zane_janssen/800/400"
							}
						},
						"tags": [
							"Masterclass",
							"Discussion",
							"Lecture"
						]
					}
				},
				{
					"title": "Session 3",
					"uuid": "5fdfa9f8-10d4-4d99-a0a7-949225c0e4a9",
					"time": {
						"start": "11:30",
						"end": "12:30",
						"total": "11:30-12:30"
					},
					"session": {
						"description": "Exercitationem totam voluptas deserunt eaque dolorem voluptas reprehenderit iste impedit blanditiis tempora voluptatem dolores deserunt nisi ratione perferendis pariatur quo et laborum autem ut ipsam necessitatibus itaque et qui vel quia sit beatae nulla eum esse saepe reiciendis facilis qui.",
						"title": "Quasi nisi eveniet molestiae non",
						"speaker": {
							"name": "Jarrod",
							"surname": "Bakker",
							"uuid": "5fdfa9f8-a7a6-4ceb-932f-11c7cce623eb",
							"id": "0-2",
							"image": {
								"banner": "https://picsum.photos/seed/jarrod_bakker/400/200",
								"thumb": "https://picsum.photos/seed/jarrod_bakker/200/200",
								"large": "https://picsum.photos/seed/jarrod_bakker/800/400"
							}
						},
						"tags": [
							"AWS",
							"Advertisement",
							"Discussion"
						]
					}
				},
				{
					"title": "Session 4",
					"uuid": "5fdfa9f8-3473-44b1-ae12-4e9f734f74d2",
					"time": {
						"start": "13:30",
						"end": "14:30",
						"total": "13:30-14:30"
					},
					"session": {
						"description": "Possimus libero similique sunt ea fugiat illo dolore quam qui nihil nemo voluptatem molestiae voluptatibus voluptatem et odio commodi excepturi non atque sint voluptatem corporis aut beatae ipsam velit repudiandae necessitatibus libero accusamus aut quaerat quaerat quod omnis cum fugit.",
						"title": "Sunt quo libero quia id",
						"speaker": {
							"name": "Diedre",
							"surname": "Janssen",
							"uuid": "5fdfa9f8-1c2b-400a-abe4-c0fc5025282c",
							"id": "0-3",
							"image": {
								"banner": "https://picsum.photos/seed/diedre_janssen/400/200",
								"thumb": "https://picsum.photos/seed/diedre_janssen/200/200",
								"large": "https://picsum.photos/seed/diedre_janssen/800/400"
							}
						},
						"tags": [
							"AWS",
							"Tutorial",
							"Discussion",
							"Lecture"
						]
					}
				},
				{
					"title": "Session 5",
					"uuid": "5fdfa9f8-4314-48cd-977a-6adcea6001cb",
					"time": {
						"start": "14:45",
						"end": "15:45",
						"total": "14:45-15:45"
					},
					"session": {
						"description": "Blanditiis velit error sint eius debitis dolorum corrupti consequatur sed occaecati tempore consectetur eligendi sed est necessitatibus eaque id molestiae quis temporibus sequi est fugit non eos odio id aut ab et eum praesentium quaerat nihil quas aut nisi doloremque.",
						"title": "Fugiat totam sit iusto porro",
						"speaker": {
							"name": "Deonna",
							"surname": "Brouwer",
							"uuid": "5fdfa9f8-53c9-481f-8296-c22659b39386",
							"id": "0-4",
							"image": {
								"banner": "https://picsum.photos/seed/deonna_brouwer/400/200",
								"thumb": "https://picsum.photos/seed/deonna_brouwer/200/200",
								"large": "https://picsum.photos/seed/deonna_brouwer/800/400"
							}
						},
						"tags": [
							"Lecture"
						]
					}
				},
				{
					"title": "Session 6",
					"uuid": "5fdfa9f8-c8e7-45e9-9262-c1dcff7b21e2",
					"time": {
						"start": "16:00",
						"end": "17:00",
						"total": "16:00-17:00"
					},
					"session": {
						"description": "Facere quo non rerum sit vel quo similique qui odio eveniet odit ipsa sunt et iure facilis voluptatem veritatis et quasi voluptatum voluptas voluptas minus pariatur quia vitae voluptatem est provident quam rem ipsa culpa et aliquam perspiciatis eos sint.",
						"title": "Quae non amet quis debitis",
						"speaker": {
							"name": "Ingeborg",
							"surname": "De Jong",
							"uuid": "5fdfa9f8-2bbf-44bc-9aad-3994a8b50668",
							"id": "0-5",
							"image": {
								"banner": "https://picsum.photos/seed/ingeborg_de_jong/400/200",
								"thumb": "https://picsum.photos/seed/ingeborg_de_jong/200/200",
								"large": "https://picsum.photos/seed/ingeborg_de_jong/800/400"
							}
						},
						"tags": [
							"Cloud",
							"Advertisement",
							"Masterclass",
							"Discussion"
						]
					}
				}
			]
		},
		{
			"name": "Room 2",
			"schedule": [
				{
					"title": "Session 1",
					"uuid": "5fdfa9f8-c3a3-40da-a3d0-89e7308e9b18",
					"time": {
						"start": "09:00",
						"end": "10:00",
						"total": "09:00-10:00"
					},
					"session": {
						"description": "Est eligendi reiciendis molestiae veritatis quia recusandae repellat dolorum dolor adipisci at fuga qui aliquid incidunt corrupti nesciunt nostrum sunt voluptas unde at temporibus totam ea quidem nihil error perspiciatis dolore qui tenetur debitis quo et non et aut eos.",
						"title": "Ipsum modi quae eum ipsa",
						"speaker": {
							"name": "Zulma",
							"surname": "De Boer",
							"uuid": "5fdfa9f8-9fbf-49a6-aad1-e07e88240871",
							"id": "1-0",
							"image": {
								"banner": "https://picsum.photos/seed/zulma_de_boer/400/200",
								"thumb": "https://picsum.photos/seed/zulma_de_boer/200/200",
								"large": "https://picsum.photos/seed/zulma_de_boer/800/400"
							}
						},
						"tags": [
							"Masterclass"
						]
					}
				},
				{
					"title": "Session 2",
					"uuid": "5fdfa9f8-6e18-4373-bdf8-338ab547bad5",
					"time": {
						"start": "10:15",
						"end": "11:15",
						"total": "10:15-11:15"
					},
					"session": {
						"description": "Hic molestias ut id necessitatibus quis iste dolores dolor provident repellat et dolorem qui exercitationem velit quis perspiciatis ut nobis explicabo id saepe omnis inventore quia dicta voluptas id ut rerum sequi ducimus aut soluta sapiente dolorem ut quia totam.",
						"title": "Odio nostrum unde tempore debitis",
						"speaker": {
							"name": "Shaina",
							"surname": "Bos",
							"uuid": "5fdfa9f8-518f-4b5e-9e44-bef087dac035",
							"id": "1-1",
							"image": {
								"banner": "https://picsum.photos/seed/shaina_bos/400/200",
								"thumb": "https://picsum.photos/seed/shaina_bos/200/200",
								"large": "https://picsum.photos/seed/shaina_bos/800/400"
							}
						},
						"tags": [
							"Cloud",
							"Tutorial"
						]
					}
				},
				{
					"title": "Session 3",
					"uuid": "5fdfa9f8-089a-4e31-a51c-0df6216f8f7c",
					"time": {
						"start": "11:30",
						"end": "12:30",
						"total": "11:30-12:30"
					},
					"session": {
						"description": "Commodi ea aspernatur quo aut est hic fugiat facilis veritatis natus repudiandae libero ducimus et amet qui quod id autem fuga non architecto quos enim non et cupiditate et et rerum blanditiis aspernatur sit tempore nisi quo ut id et.",
						"title": "Dolorem perferendis id accusantium assumenda",
						"speaker": {
							"name": "Elina",
							"surname": "Visser",
							"uuid": "5fdfa9f8-9452-442b-8c04-7744f01bb0f8",
							"id": "1-2",
							"image": {
								"banner": "https://picsum.photos/seed/elina_visser/400/200",
								"thumb": "https://picsum.photos/seed/elina_visser/200/200",
								"large": "https://picsum.photos/seed/elina_visser/800/400"
							}
						},
						"tags": [
							"Cloud",
							"Tutorial"
						]
					}
				},
				{
					"title": "Session 4",
					"uuid": "5fdfa9f8-0c1c-4577-ab42-9ed42f99c38d",
					"time": {
						"start": "13:30",
						"end": "14:30",
						"total": "13:30-14:30"
					},
					"session": {
						"description": "Id ea iusto ex non repudiandae ab fugiat magni non voluptatem doloremque consequatur qui velit pariatur temporibus eum tempore illum quaerat et aut cum placeat ea aperiam omnis mollitia soluta porro enim inventore quis ab et dolor illo dolorem natus.",
						"title": "Beatae explicabo assumenda sit repudiandae",
						"speaker": {
							"name": "Elina",
							"surname": "Brouwer",
							"uuid": "5fdfa9f8-9940-4483-bb5b-69fdd7c31577",
							"id": "1-3",
							"image": {
								"banner": "https://picsum.photos/seed/elina_brouwer/400/200",
								"thumb": "https://picsum.photos/seed/elina_brouwer/200/200",
								"large": "https://picsum.photos/seed/elina_brouwer/800/400"
							}
						},
						"tags": [
							"Cloud",
							"Masterclass"
						]
					}
				},
				{
					"title": "Session 5",
					"uuid": "5fdfa9f8-481d-4a92-9262-1bf781b96fa6",
					"time": {
						"start": "14:45",
						"end": "15:45",
						"total": "14:45-15:45"
					},
					"session": {
						"description": "Sit officiis illo veniam nemo eos repudiandae magni itaque omnis odio totam qui qui corporis dolor eum est alias voluptas dolorum sunt voluptatibus corrupti excepturi quos ratione placeat nihil sit optio autem consequuntur quis sint saepe asperiores in et excepturi.",
						"title": "Est numquam odit pariatur error",
						"speaker": {
							"name": "Shaina",
							"surname": "De Graaf",
							"uuid": "5fdfa9f8-392f-4682-b38e-8310dd455ff0",
							"id": "1-4",
							"image": {
								"banner": "https://picsum.photos/seed/shaina_de_graaf/400/200",
								"thumb": "https://picsum.photos/seed/shaina_de_graaf/200/200",
								"large": "https://picsum.photos/seed/shaina_de_graaf/800/400"
							}
						},
						"tags": [
							"AWS",
							"Lecture",
							"Tutorial"
						]
					}
				},
				{
					"title": "Session 6",
					"uuid": "5fdfa9f8-297e-4c24-a5c2-2afd90672ea1",
					"time": {
						"start": "16:00",
						"end": "17:00",
						"total": "16:00-17:00"
					},
					"session": {
						"description": "Et repellat cumque eum veritatis in ad eius excepturi iusto et hic non doloremque rem et ut sapiente eos eveniet amet consectetur ex facere vel consectetur eaque voluptas magnam velit autem autem quisquam dolores harum quisquam nostrum sint doloremque ipsa.",
						"title": "Rerum nesciunt in qui officiis",
						"speaker": {
							"name": "Deonna",
							"surname": "Meijer",
							"uuid": "5fdfa9f8-e2b4-46a6-bb53-63c17aeb2b81",
							"id": "1-5",
							"image": {
								"banner": "https://picsum.photos/seed/deonna_meijer/400/200",
								"thumb": "https://picsum.photos/seed/deonna_meijer/200/200",
								"large": "https://picsum.photos/seed/deonna_meijer/800/400"
							}
						},
						"tags": [
							"Masterclass"
						]
					}
				}
			]
		},
		{
			"name": "Room 3",
			"schedule": [
				{
					"title": "Session 1",
					"uuid": "5fdfa9f8-fb5e-4a53-b16c-7569a7f871b7",
					"time": {
						"start": "09:00",
						"end": "10:00",
						"total": "09:00-10:00"
					},
					"session": {
						"description": "Beatae tempore est a quibusdam fugit ullam reprehenderit quis in autem repellendus veritatis est omnis debitis aut rerum possimus commodi quis quia dolores pariatur et corporis occaecati est amet enim voluptatibus odit aperiam cum facilis voluptas non ea ex saepe.",
						"title": "Nihil ipsam autem est omnis",
						"speaker": {
							"name": "Deonna",
							"surname": "Smit",
							"uuid": "5fdfa9f8-71ef-4915-9750-361f8a5302ab",
							"id": "2-0",
							"image": {
								"banner": "https://picsum.photos/seed/deonna_smit/400/200",
								"thumb": "https://picsum.photos/seed/deonna_smit/200/200",
								"large": "https://picsum.photos/seed/deonna_smit/800/400"
							}
						},
						"tags": [
							"Cloud",
							"Advertisement"
						]
					}
				},
				{
					"title": "Session 2",
					"uuid": "5fdfa9f8-bede-402f-89fc-beb3695b4cdb",
					"time": {
						"start": "10:15",
						"end": "11:15",
						"total": "10:15-11:15"
					},
					"session": {
						"description": "Adipisci cumque autem dicta molestiae cumque neque aliquam atque maxime voluptate facere ipsa architecto officia ipsum eum dignissimos dolorem tempora aut quos qui necessitatibus voluptatem officia cupiditate porro facere optio recusandae dolor deleniti eveniet dolores voluptatibus nulla excepturi error et.",
						"title": "Officiis delectus autem autem saepe",
						"speaker": {
							"name": "Angle",
							"surname": "De Boer",
							"uuid": "5fdfa9f8-e4cd-4fe4-ad19-ed06ebf8eb89",
							"id": "2-1",
							"image": {
								"banner": "https://picsum.photos/seed/angle_de_boer/400/200",
								"thumb": "https://picsum.photos/seed/angle_de_boer/200/200",
								"large": "https://picsum.photos/seed/angle_de_boer/800/400"
							}
						},
						"tags": [
							"Advertisement",
							"Cloud",
							"AWS"
						]
					}
				},
				{
					"title": "Session 3",
					"uuid": "5fdfa9f8-ed18-4bdd-b434-b34daefb5dbf",
					"time": {
						"start": "11:30",
						"end": "12:30",
						"total": "11:30-12:30"
					},
					"session": {
						"description": "Alias ipsam culpa molestiae qui sunt voluptas nihil ut eveniet porro similique et consequatur praesentium veritatis voluptatibus quos asperiores culpa praesentium repellendus alias repudiandae numquam quisquam tenetur quam quidem excepturi voluptas laborum adipisci consequatur quia non qui sunt iusto suscipit.",
						"title": "Consequatur dolores dolorem praesentium sit",
						"speaker": {
							"name": "Elina",
							"surname": "Smit",
							"uuid": "5fdfa9f8-436c-4100-8363-d47af67b6049",
							"id": "2-2",
							"image": {
								"banner": "https://picsum.photos/seed/elina_smit/400/200",
								"thumb": "https://picsum.photos/seed/elina_smit/200/200",
								"large": "https://picsum.photos/seed/elina_smit/800/400"
							}
						},
						"tags": [
							"Advertisement",
							"Tutorial",
							"Masterclass"
						]
					}
				},
				{
					"title": "Session 4",
					"uuid": "5fdfa9f8-817f-439a-ad0d-50b4d82e94ae",
					"time": {
						"start": "13:30",
						"end": "14:30",
						"total": "13:30-14:30"
					},
					"session": {
						"description": "Et eius officia alias facilis aut officiis et et ipsum nihil debitis magni quae officiis illum ullam veniam numquam animi vitae est quia architecto ipsa delectus molestiae molestiae nihil sunt modi non aut quia aut labore quia porro nam deleniti.",
						"title": "Dolor earum fugiat iusto est",
						"speaker": {
							"name": "Deonna",
							"surname": "Dekker",
							"uuid": "5fdfa9f8-36c9-4b05-9c6c-2de1e2880984",
							"id": "2-3",
							"image": {
								"banner": "https://picsum.photos/seed/deonna_dekker/400/200",
								"thumb": "https://picsum.photos/seed/deonna_dekker/200/200",
								"large": "https://picsum.photos/seed/deonna_dekker/800/400"
							}
						},
						"tags": [
							"Advertisement",
							"AWS"
						]
					}
				},
				{
					"title": "Session 5",
					"uuid": "5fdfa9f8-49bc-4a42-8a17-39fd821dfdba",
					"time": {
						"start": "14:45",
						"end": "15:45",
						"total": "14:45-15:45"
					},
					"session": {
						"description": "Eligendi omnis odio repudiandae debitis dolores rerum atque facilis excepturi et eum ipsum sit corrupti occaecati reprehenderit dicta magni eum ut aliquam et deleniti et earum omnis ex mollitia itaque et aut sit necessitatibus omnis veritatis dolorum repellat autem delectus.",
						"title": "Soluta tempora quae exercitationem fugit",
						"speaker": {
							"name": "Kortney",
							"surname": "Bakker",
							"uuid": "5fdfa9f8-d580-4694-b041-93ed20a7f179",
							"id": "2-4",
							"image": {
								"banner": "https://picsum.photos/seed/kortney_bakker/400/200",
								"thumb": "https://picsum.photos/seed/kortney_bakker/200/200",
								"large": "https://picsum.photos/seed/kortney_bakker/800/400"
							}
						},
						"tags": [
							"Cloud",
							"Tutorial",
							"Advertisement"
						]
					}
				},
				{
					"title": "Session 6",
					"uuid": "5fdfa9f8-dbb7-43b8-a469-904325621134",
					"time": {
						"start": "16:00",
						"end": "17:00",
						"total": "16:00-17:00"
					},
					"session": {
						"description": "Sunt id voluptatem minima rerum commodi ut dolor recusandae ipsa animi maiores sint sed voluptas ea repellendus ad soluta sapiente in sunt expedita odit autem et nihil voluptas possimus quibusdam nihil ad sequi nobis nobis voluptatem possimus laborum possimus animi.",
						"title": "Molestiae est non sed facere",
						"speaker": {
							"name": "Zane",
							"surname": "Hendriks",
							"uuid": "5fdfa9f8-e88c-42ce-9561-dcb39ebda95a",
							"id": "2-5",
							"image": {
								"banner": "https://picsum.photos/seed/zane_hendriks/400/200",
								"thumb": "https://picsum.photos/seed/zane_hendriks/200/200",
								"large": "https://picsum.photos/seed/zane_hendriks/800/400"
							}
						},
						"tags": []
					}
				}
			]
		},
		{
			"name": "Room 4",
			"schedule": [
				{
					"title": "Session 1",
					"uuid": "5fdfa9f8-9229-4db1-9f86-1b259cfdbda4",
					"time": {
						"start": "09:00",
						"end": "10:00",
						"total": "09:00-10:00"
					},
					"session": {
						"description": "Voluptatibus ut eveniet et voluptas dignissimos unde architecto esse praesentium et voluptates error ipsam temporibus dolores soluta mollitia perspiciatis recusandae consequuntur expedita veritatis laboriosam beatae aperiam ea minima mollitia quia necessitatibus temporibus possimus animi temporibus eaque ipsum est est in.",
						"title": "Iusto ut autem soluta magnam",
						"speaker": {
							"name": "Angle",
							"surname": "Vos",
							"uuid": "5fdfa9f8-d612-45ff-b82f-ab2da45f5c19",
							"id": "3-0",
							"image": {
								"banner": "https://picsum.photos/seed/angle_vos/400/200",
								"thumb": "https://picsum.photos/seed/angle_vos/200/200",
								"large": "https://picsum.photos/seed/angle_vos/800/400"
							}
						},
						"tags": [
							"Cloud",
							"Advertisement"
						]
					}
				},
				{
					"title": "Session 2",
					"uuid": "5fdfa9f8-61ac-48e3-9f16-b540ec5e4cac",
					"time": {
						"start": "10:15",
						"end": "11:15",
						"total": "10:15-11:15"
					},
					"session": {
						"description": "Est et asperiores mollitia odit et eum delectus corporis rem fuga quis fuga aut distinctio temporibus veritatis excepturi qui harum rerum soluta quam aut autem ut numquam magnam est dolor neque suscipit molestias accusantium exercitationem odit asperiores dolor quo vero.",
						"title": "Reiciendis et natus voluptates nemo",
						"speaker": {
							"name": "Zane",
							"surname": "De Vries",
							"uuid": "5fdfa9f8-8b22-40b5-9cb8-bbd495daa815",
							"id": "3-1",
							"image": {
								"banner": "https://picsum.photos/seed/zane_de_vries/400/200",
								"thumb": "https://picsum.photos/seed/zane_de_vries/200/200",
								"large": "https://picsum.photos/seed/zane_de_vries/800/400"
							}
						},
						"tags": [
							"Tutorial",
							"Discussion",
							"Cloud",
							"Lecture"
						]
					}
				},
				{
					"title": "Session 3",
					"uuid": "5fdfa9f8-da8d-4ad3-a14d-f7d62a2e68a7",
					"time": {
						"start": "11:30",
						"end": "12:30",
						"total": "11:30-12:30"
					},
					"session": {
						"description": "Facere laborum necessitatibus beatae ut aut est mollitia vitae nemo dolores nihil aut laudantium nostrum laborum ratione aut et iure non est vel pariatur animi ut est quia veniam reprehenderit dolores maxime omnis ea quibusdam impedit deserunt reiciendis quaerat sint.",
						"title": "Assumenda magnam corrupti culpa fugiat",
						"speaker": {
							"name": "Martin",
							"surname": "Smit",
							"uuid": "5fdfa9f8-d4a7-49b2-8779-d8138b84ed37",
							"id": "3-2",
							"image": {
								"banner": "https://picsum.photos/seed/martin_smit/400/200",
								"thumb": "https://picsum.photos/seed/martin_smit/200/200",
								"large": "https://picsum.photos/seed/martin_smit/800/400"
							}
						},
						"tags": [
							"Masterclass",
							"Cloud",
							"Discussion",
							"Tutorial"
						]
					}
				},
				{
					"title": "Session 4",
					"uuid": "5fdfa9f8-8f7f-41c5-842b-cb2f46466fc8",
					"time": {
						"start": "13:30",
						"end": "14:30",
						"total": "13:30-14:30"
					},
					"session": {
						"description": "Quis possimus qui pariatur voluptas cumque similique ut culpa et cupiditate voluptates laudantium at pariatur culpa ut dolorem beatae laboriosam quas non ipsa quis cum ex magnam minus ea perspiciatis repellendus repellat reiciendis repellendus officiis aut eius ut aut qui.",
						"title": "Recusandae nulla delectus atque voluptatem",
						"speaker": {
							"name": "Zane",
							"surname": "Smits",
							"uuid": "5fdfa9f8-9a92-4354-a470-f0df93cde1dc",
							"id": "3-3",
							"image": {
								"banner": "https://picsum.photos/seed/zane_smits/400/200",
								"thumb": "https://picsum.photos/seed/zane_smits/200/200",
								"large": "https://picsum.photos/seed/zane_smits/800/400"
							}
						},
						"tags": [
							"Tutorial",
							"Lecture",
							"Cloud"
						]
					}
				},
				{
					"title": "Session 5",
					"uuid": "5fdfa9f8-9108-40b9-858f-d11778b08672",
					"time": {
						"start": "14:45",
						"end": "15:45",
						"total": "14:45-15:45"
					},
					"session": {
						"description": "Pariatur delectus impedit quod enim iusto voluptatibus voluptas voluptatem labore nesciunt qui est vero minus repellat harum consequatur ad suscipit neque repellat doloremque molestiae deserunt soluta et et blanditiis commodi est eveniet saepe impedit sint quis unde nobis aut commodi.",
						"title": "Ea tenetur vel hic corporis",
						"speaker": {
							"name": "Shaina",
							"surname": "De Vries",
							"uuid": "5fdfa9f8-df19-497b-a72c-0f6a5fe6d63c",
							"id": "3-4",
							"image": {
								"banner": "https://picsum.photos/seed/shaina_de_vries/400/200",
								"thumb": "https://picsum.photos/seed/shaina_de_vries/200/200",
								"large": "https://picsum.photos/seed/shaina_de_vries/800/400"
							}
						},
						"tags": [
							"AWS",
							"Discussion"
						]
					}
				},
				{
					"title": "Session 6",
					"uuid": "5fdfa9f8-17af-4b61-aef7-9c63b1840145",
					"time": {
						"start": "16:00",
						"end": "17:00",
						"total": "16:00-17:00"
					},
					"session": {
						"description": "Expedita eveniet fugiat similique atque sint itaque provident quis qui ut voluptatem voluptates ipsum deserunt voluptates omnis sed enim nihil eveniet aut tenetur minus voluptate quibusdam laborum repellat praesentium magnam rem voluptatem iste laboriosam reiciendis qui inventore voluptate optio enim.",
						"title": "Tempore doloribus exercitationem expedita dolorum",
						"speaker": {
							"name": "Alysa",
							"surname": "De Vries",
							"uuid": "5fdfa9f8-1c2e-4d07-9c82-65dba2e4e605",
							"id": "3-5",
							"image": {
								"banner": "https://picsum.photos/seed/alysa_de_vries/400/200",
								"thumb": "https://picsum.photos/seed/alysa_de_vries/200/200",
								"large": "https://picsum.photos/seed/alysa_de_vries/800/400"
							}
						},
						"tags": [
							"Masterclass",
							"Lecture"
						]
					}
				}
			]
		}
	],
	"created": "2023-02-17 15:55:39",
	"date": "2023-09-13"
}